club_name,age
Athletic Bilbao,24.846153846153847
Atlético de Madrid,23.195121951219512
CA Osasuna,25.766666666666666
FC Barcelona,24.958333333333332
Getafe CF,25.08823529411765
Granada CF,24.606060606060606
Levante UD,26.38888888888889
Málaga CF,25.375
RCD Espanyol Barcelona,24.92105263157895
RCD Mallorca,25.625
Racing Santander,23.857142857142858
Rayo Vallecano,25.294117647058822
Real Betis Balompié,26.620689655172413
Real Madrid,24.692307692307693
Real Sociedad,24.666666666666668
Real Zaragoza,26.29268292682927
Sevilla FC,24.394736842105264
Sporting Gijón,25.6875
Valencia CF,25.129032258064516
Villarreal CF,25.666666666666668
