club_name,age
Athletic Bilbao,26.6
Atlético de Madrid,24.029411764705884
CA Osasuna,23.53125
Deportivo de La Coruña,23.642857142857142
FC Barcelona,24.166666666666668
Getafe CF,23.68
Levante UD,28.377777777777776
RCD Espanyol Barcelona,25.04
RCD Mallorca,24.416666666666668
Racing Santander,23.871794871794872
Real Betis Balompié,27.192307692307693
Real Madrid,24.973684210526315
Real Murcia CF,26.771428571428572
Real Valladolid CF,25.4
Real Zaragoza,25.903225806451612
Recreativo Huelva,26.256410256410255
Sevilla FC,25.37142857142857
UD Almería,25.774193548387096
Valencia CF,23.906976744186046
Villarreal CF,24.043478260869566
